# This file maps author and committer names and email addresses to canonical
# real names and email addresses. For more information, see the `git shortlog`
# [man page][1].
#
# [1]: http://schacon.github.io/git/git-shortlog.html

# Please keep this list sorted alphabetically.

# A

Adarsh Palaskar <adarshpalaskar99@gmail.com> <83298237+adarshpalaskar1@users.noreply.github.com>
Adarsh Palaskar <adarshpalaskar99@gmail.com> adarshpalaskar1

Aditya Sapra <adityaework@gmail.com> <110766802+adityacodes30@users.noreply.github.com>
Aditya Sapra <adityaework@gmail.com> adityacodes30

Aman Bhansali <bhansali.1@iitj.ac.in> <92033532+aman-095@users.noreply.github.com>
Aman Bhansali <bhansali.1@iitj.ac.in> aman-095

Amit Jimiwal <amitjimiwal45@gmail.com> <90555965+amitjimiwal@users.noreply.github.com>
Amit Jimiwal <amitjimiwal45@gmail.com> drunken_devv

Anudeep Sanapala <anudeep0306@gmail.com> <71971574+anudeeps0306@users.noreply.github.com>
Anudeep Sanapala <anudeep0306@gmail.com> anudeeps0306

Athan Reines <kgryte@gmail.com> kgryte
Athan Reines <kgryte@gmail.com> Athan

# B

Bruno Fenzl <brunofenzl@gmail.com> <bruno@brunofenzl.com>

# C

Chinmay Joshi <86140365+JawHawk@users.noreply.github.com> Chinmay J

# D

Dorrin Sotoudeh <dorrinsotoudeh123@gmail.com> <59933477+dorrin-sot@users.noreply.github.com>
Dorrin Sotoudeh <dorrinsotoudeh123@gmail.com> dorrin-sot

# F

Frank Kovacs <fran70kk@gmail.com> <fkovacs@andrew.cmu.edu>

# G

Golden Kumar <103646877+AuenKr@users.noreply.github.com> Golden
Golden Kumar <103646877+AuenKr@users.noreply.github.com> AuenKr

Gunj Joshi <gunjjoshi8372@gmail.com> GUNJ JOSHI

# H

Harshita Kalani <harshitakalani02@gmail.com> <95532771+HarshitaKalani@users.noreply.github.com>

# J

Jaimin Godhani <112328542+Jai0401@users.noreply.github.com> Jai0401

James Gelok <jdgelok@gmail.com> James

Jaysukh Makvana <jaysukhmakvana2004@gmail.com> <111515433+Jaysukh-409@users.noreply.github.com>

Jordan Gallivan <115050475+Jordan-Gallivan@users.noreply.github.com> Jordan-Gallivan

# K

Karthik Prakash <116057817+skoriop@users.noreply.github.com> skoriop

# M

Marcus Fantham <mfantham@users.noreply.github.com> Marcus

Matt Cochrane <matthew.cochrane.eng@gmail.com> <mattisback@gmail.com>

Mihir Pandit <129577900+MSP20086@users.noreply.github.com> MSP20086

Muhammad Haris <harriskhan047@outlook.com> <101793258+headlessNode@users.noreply.github.com>
Muhammad Haris <harriskhan047@outlook.com> headlessNode

# N

Naresh Jagadeesan <naresh.naresh000@gmail.com> <37257700+Infinage@users.noreply.github.com>

Nithin Katta <88046362+nithinkatta@users.noreply.github.com> KATTA NAGA NITHIN

# P

Philipp Burckhardt <pburckhardt@outlook.com> Planeshifter

Pranav Goswami <goswami.4@iitj.ac.in> <85227306+Pranavchiku@users.noreply.github.com>
Pranav Goswami <goswami.4@iitj.ac.in> Pranav

Praneki <97080887+PraneGIT@users.noreply.github.com> PraneGIT

Pratik <97464067+Pratik772846@users.noreply.github.com> Pratik772846

Priyansh <88396544+itsspriyansh@users.noreply.github.com> itsspriyansh

Pushpendra Chandravanshi <pushpendrachandravanshi4@gmail.com> <56391001+Pushpendra766@users.noreply.github.com>
Pushpendra Chandravanshi <pushpendrachandravanshi4@gmail.com> Pushpendra766

# R

Raunak Kumar Gupta <raunakmodanwal321@gmail.com> <95216822+raunak-dev-edu@users.noreply.github.com>
Raunak Kumar Gupta <raunakmodanwal321@gmail.com> raunak-dev-edu

rei2hu <reimu@reimu.ws> <rei2hu@users.noreply.github.com>

Rejoan Sardar <119718513+Rejoan-Sardar@users.noreply.github.com> Rejoan-Sardar

Ricky Reusser <rsreusser@gmail.com> <rreusser@users.noreply.github.com>
Ricky Reusser <rsreusser@gmail.com> <572717+rreusser@users.noreply.github.com>

Robert Gislason <gztown2216@yahoo.com> rgizz

Rutam <138517416+performant23@users.noreply.github.com> performant23

Ryan Seal <splrk@users.noreply.github.com> Splrk

# S

Sai Srikar Dumpeti <80447788+the-r3aper7@users.noreply.github.com> the-r3aper7

Shashank Shekhar Singh <shashankshekharsingh1205@gmail.com> <123410790+Shashankss1205@users.noreply.github.com>
Shashank Shekhar Singh <shashankshekharsingh1205@gmail.com> Shashankss1205

Shubham Mishra <shubh622005@gmail.com> <mishra.shubham5208@gmail.com>
Shubham Mishra <shubh622005@gmail.com> shubham

Snehil Shah <snehilshah.989@gmail.com> <130062020+Snehil-Shah@users.noreply.github.com>
Snehil Shah <snehilshah.989@gmail.com> Snehil-Shah

Spandan Barve <contact@marsian.dev> <114365550+marsian83@users.noreply.github.com>
Spandan Barve <contact@marsian.dev> marsian83

stdlib-bot <noreply@stdlib.io> <82920195+stdlib-bot@users.noreply.github.com>

Stephannie Jiménez Gacha <steff456@hotmail.com> <steff456@users.noreply.github.com>
Stephannie Jiménez Gacha <steff456@hotmail.com> Stephannie Jimenez
Stephannie Jiménez Gacha <steff456@hotmail.com> Stephannie Jimenez Gacha

# T

Tudor Pagu <104032457+tudor-pagu@users.noreply.github.com> tudor-pagu

# U

Utkarsh <http://utkarsh11105@gmail.com> <137638507+Ut-the-pro@users.noreply.github.com>
Utkarsh <http://utkarsh11105@gmail.com> Ut-the-pro

Utkarsh Raj <rajutkarsh2505@gmail.com> <49344502+rajutkarsh07@users.noreply.github.com>
Utkarsh Raj <rajutkarsh2505@gmail.com> rajutkarsh07
Utkarsh Raj <rajutkarsh2505@gmail.com> utkarsh_raj

# V

Varad Gupta <varadgupta21@gmail.com> <114755221+vr-varad@users.noreply.github.com>
Varad Gupta <varadgupta21@gmail.com> vr-varad

# Y

Yernar Yergaziyev <yernar.yergaziyev@erg.kz> <yernar707@users.noreply.github.com>
Yernar Yergaziyev <yernar.yergaziyev@erg.kz> <54137699+yernar707@users.noreply.github.com>
